{"max": [0.04445, 0.933289, 1.97485], "centroid": [-0.6739931383016312, 0.2967361326846515, 1.088526571983295], "id": "e91c2df09de0d4b1ed4d676215f46734", "numVertices": 2261, "min": [-1.39065, 0.04445, -0.01905]}
