{"max": [0.000184089, 1.10813, 0.786112], "centroid": [-0.3681264081099506, 0.420164243087685, 0.4150522412069093], "id": "7ee5785d8695cf0ee7c7920f6a65a54d", "numVertices": 4060, "min": [-0.737842, -0.005916, 0.013615]}
