{"max": [1.25641, 1.6256, 2.04533], "centroid": [0.8042642843309827, 0.9107705184859171, 1.3489383705985958], "id": "f7edc3cc11e8bc43869a5f86d182e67f", "numVertices": 2272, "min": [0.36659, 0.0, 0.629283]}
