{"max": [-0.0001098, 0.724854, -0.01], "centroid": [-0.26361218825608285, 0.6207839594785632, -0.17300364582850492], "id": "ffd9387a533fe59e251990397636975f", "numVertices": 1726, "min": [-0.518709, -0.00427569, -0.518066]}
